y,p,r,flex1,flex2,flex3,flex4,x
0.01,-0.01,0.44,1023.00,1023.00,1023.00,1023.00,1
0.01,-0.01,0.43,1023.00,1023.00,1023.00,1023.00,2
0.01,-0.01,0.42,1023.00,1023.00,1023.00,1023.00,3
0.01,-0.01,0.41,1023.00,1023.00,1023.00,1023.00,4
0.01,-0.01,0.40,1023.00,1023.00,1023.00,1023.00,5
0.01,-0.01,0.39,1023.00,1023.00,1023.00,1023.00,6
0.01,-0.01,0.38,1023.00,1023.00,1023.00,1023.00,7
0.01,-0.02,0.37,1023.00,1023.00,1023.00,1023.00,8
0.01,-0.02,0.37,1023.00,1023.00,1023.00,1023.00,9
0.01,-0.02,0.35,1023.00,1023.00,1023.00,1022.00,10
0.01,-0.02,0.34,1023.00,1023.00,1023.00,1023.00,11
0.02,-0.02,0.33,1023.00,1023.00,1023.00,1023.00,12
0.02,-0.01,0.32,1023.00,1023.00,1023.00,1023.00,13
0.03,-0.01,0.31,1023.00,1023.00,1023.00,1023.00,14
0.03,-0.01,0.30,1023.00,1023.00,1023.00,1023.00,15
0.03,-0.01,0.29,1023.00,1023.00,1023.00,1023.00,16
0.03,-0.01,0.28,1023.00,1023.00,1023.00,1023.00,17
0.03,-0.01,0.28,1023.00,1023.00,1023.00,1023.00,18
0.17,0.08,0.25,1023.00,1023.00,1023.00,1023.00,19
0.75,0.54,-0.19,1023.00,1023.00,1023.00,1023.00,20
1.09,1.59,-2.22,1023.00,1023.00,1023.00,1023.00,21
1.94,3.95,-6.49,1022.00,1022.00,1023.00,1022.00,22
3.82,7.77,-13.21,1023.00,1023.00,1023.00,1023.00,23
6.81,10.41,-22.63,1023.00,1016.00,1016.00,1014.00,24
9.66,10.85,-32.88,1023.00,993.00,1008.00,1006.00,25
11.56,9.86,-41.54,1023.00,935.00,853.00,975.00,26
12.48,9.08,-48.15,1023.00,870.00,784.00,943.00,27
12.73,8.32,-53.56,1023.00,834.00,722.00,829.00,28
13.11,8.89,-57.76,1023.00,815.00,673.00,792.00,29
12.42,8.82,-61.60,1023.00,817.00,648.00,775.00,30
11.24,8.15,-64.14,1023.00,843.00,624.00,725.00,31
9.41,7.37,-67.00,1023.00,863.00,638.00,756.00,32
7.30,6.05,-68.85,1023.00,803.00,675.00,802.00,33
5.19,4.61,-69.99,1023.00,843.00,718.00,739.00,34
4.10,3.55,-69.25,1023.00,827.00,745.00,788.00,35
4.56,4.14,-68.23,1023.00,830.00,728.00,789.00,36
4.49,4.02,-67.84,1023.00,833.00,751.00,788.00,37
4.58,4.18,-67.53,1023.00,831.00,742.00,792.00,38
4.56,4.12,-67.52,1023.00,847.00,763.00,789.00,39
4.96,4.31,-67.83,1023.00,844.00,765.00,799.00,40
6.22,5.41,-68.32,1023.00,843.00,761.00,820.00,41
7.62,6.64,-68.89,1023.00,840.00,755.00,807.00,42
9.84,8.52,-69.12,1023.00,841.00,756.00,815.00,43
12.63,10.92,-68.42,1023.00,847.00,755.00,818.00,44
15.42,13.19,-67.63,1023.00,851.00,753.00,812.00,45
20.69,17.34,-66.14,1023.00,856.00,755.00,805.00,46
27.49,22.55,-61.94,1023.00,867.00,731.00,820.00,47
35.78,28.78,-56.58,1007.00,866.00,752.00,838.00,48
46.03,36.86,-48.17,1006.00,880.00,746.00,827.00,49
55.62,44.94,-39.64,988.00,884.00,763.00,826.00,50
63.39,50.19,-29.10,986.00,879.00,763.00,824.00,51
70.71,53.62,-14.71,1023.00,882.00,758.00,821.00,52
75.46,54.19,-4.93,1023.00,880.00,764.00,821.00,53
78.87,54.14,2.61,999.00,876.00,765.00,820.00,54
81.33,54.04,8.01,1000.00,886.00,764.00,816.00,55
81.57,53.41,8.26,989.00,879.00,772.00,823.00,56
82.05,53.68,8.82,993.00,888.00,774.00,821.00,57
82.22,54.15,8.80,997.00,890.00,774.00,827.00,58
81.49,54.56,6.96,997.00,896.00,776.00,814.00,59
81.22,55.52,6.29,1001.00,895.00,775.00,818.00,60
80.59,56.65,4.88,991.00,900.00,776.00,817.00,61
78.62,58.25,-1.56,1023.00,901.00,776.00,811.00,62
75.73,59.67,-9.50,1022.00,902.00,775.00,818.00,63
70.14,59.46,-20.52,1023.00,906.00,775.00,819.00,64
59.91,54.79,-39.15,1023.00,907.00,791.00,803.00,65
43.42,43.37,-57.65,1023.00,902.00,807.00,802.00,66
21.46,23.56,-71.51,1023.00,905.00,843.00,807.00,67
3.86,4.23,-79.92,1019.00,909.00,863.00,805.00,68
-1.55,-1.52,-83.52,1020.00,916.00,859.00,804.00,69
-3.53,-3.19,-83.05,1020.00,923.00,849.00,795.00,70
-4.95,-4.92,-86.77,1020.00,918.00,869.00,799.00,71
-0.07,-2.50,1.72,1023.00,1023.00,1023.00,1023.00,72
-0.09,-2.49,1.70,1023.00,1023.00,1023.00,1023.00,73
-0.09,-2.49,1.66,1023.00,1023.00,1023.00,1023.00,74
-0.08,-2.48,1.61,1023.00,1023.00,1023.00,1023.00,75
-0.01,-2.47,1.50,1023.00,1023.00,1023.00,1023.00,76
0.27,-2.33,1.14,1023.00,1023.00,1023.00,1023.00,77
0.76,-2.02,0.15,1023.00,1023.00,1023.00,1023.00,78
1.28,-1.46,-1.79,1023.00,1023.00,1023.00,1023.00,79
1.98,-0.39,-4.79,1023.00,1023.00,1023.00,1023.00,80
2.68,1.29,-9.98,1023.00,1022.00,1023.00,1023.00,81
3.56,3.53,-17.41,1023.00,991.00,1023.00,1023.00,82
5.21,6.24,-27.12,1018.00,977.00,1023.00,1023.00,83
7.11,7.84,-37.46,1019.00,997.00,1023.00,1001.00,84
8.35,7.98,-46.16,1019.00,1008.00,864.00,937.00,85
8.95,7.10,-52.39,1018.00,990.00,774.00,893.00,86
9.62,6.36,-57.22,1018.00,983.00,716.00,873.00,87
10.56,7.13,-61.32,1018.00,912.00,657.00,818.00,88
11.39,8.24,-64.87,1019.00,921.00,636.00,741.00,89
11.63,8.46,-67.68,1023.00,947.00,618.00,735.00,90
10.81,8.22,-70.22,1020.00,849.00,642.00,735.00,91
9.95,8.20,-71.65,1023.00,817.00,677.00,759.00,92
8.12,7.14,-72.71,1023.00,824.00,682.00,744.00,93
5.17,4.53,-73.00,1023.00,817.00,667.00,746.00,94
3.19,2.70,-72.97,1023.00,824.00,668.00,761.00,95
1.67,1.43,-72.51,1023.00,861.00,740.00,753.00,96
1.13,0.97,-72.23,1023.00,860.00,728.00,752.00,97
0.92,0.88,-72.40,1023.00,862.00,723.00,755.00,98
0.56,0.43,-73.06,1023.00,864.00,708.00,757.00,99
0.84,0.80,-72.92,1023.00,865.00,716.00,756.00,100
1.52,1.51,-72.94,1023.00,868.00,717.00,756.00,101
2.71,2.53,-73.51,1023.00,864.00,718.00,758.00,102
4.42,4.08,-73.60,1023.00,864.00,719.00,754.00,103
7.73,7.18,-73.58,1023.00,866.00,716.00,759.00,104
12.62,11.36,-73.89,1023.00,869.00,707.00,777.00,105
18.82,16.67,-72.86,1023.00,868.00,709.00,779.00,106
26.36,23.40,-70.43,1008.00,868.00,705.00,783.00,107
36.10,31.72,-66.51,1023.00,881.00,731.00,802.00,108
46.10,40.46,-58.24,1023.00,880.00,740.00,869.00,109
55.92,49.87,-50.13,1006.00,889.00,747.00,870.00,110
63.50,55.39,-38.29,1019.00,904.00,771.00,797.00,111
70.29,58.97,-22.26,987.00,905.00,767.00,798.00,112
74.80,59.05,-9.84,988.00,910.00,777.00,794.00,113
77.64,58.61,-2.05,991.00,902.00,778.00,788.00,114
79.52,58.11,3.01,983.00,905.00,775.00,790.00,115
79.65,56.93,3.61,989.00,909.00,778.00,789.00,116
79.93,56.93,4.40,993.00,920.00,774.00,793.00,117
80.13,57.29,4.85,988.00,923.00,772.00,793.00,118
79.98,57.40,5.01,991.00,926.00,772.00,793.00,119
79.47,58.05,3.72,989.00,928.00,772.00,795.00,120
77.52,59.18,-0.60,995.00,928.00,778.00,796.00,121
71.76,59.53,-11.97,1022.00,930.00,772.00,793.00,122
60.55,55.37,-32.70,1023.00,923.00,781.00,780.00,123
43.86,44.19,-54.84,1023.00,926.00,796.00,781.00,124
20.54,23.08,-72.48,1023.00,930.00,807.00,788.00,125
2.33,3.11,-81.26,1018.00,926.00,849.00,798.00,126
0.77,2.20,-78.65,1020.00,918.00,817.00,800.00,127
0.40,2.88,-76.10,1019.00,918.00,795.00,789.00,128
0.46,1.95,-79.48,1020.00,921.00,834.00,798.00,129
-0.67,0.54,-80.04,1019.00,921.00,822.00,798.00,130
0.08,1.98,-77.60,1020.00,918.00,832.00,797.00,131
0.55,2.06,-78.87,1020.00,917.00,842.00,797.00,132
-0.02,1.21,-79.78,1019.00,920.00,846.00,797.00,133
0.23,1.72,-78.88,1019.00,920.00,845.00,798.00,134
0.36,1.70,-79.34,1021.00,921.00,854.00,796.00,135
-0.33,0.75,-79.99,1019.00,921.00,859.00,801.00,136
-0.25,0.89,-79.66,1020.00,923.00,856.00,810.00,137
0.22,1.29,-79.98,1020.00,932.00,880.00,798.00,138
0.26,1.07,-80.77,1020.00,930.00,876.00,805.00,139
-0.41,0.38,-80.77,1020.00,951.00,880.00,817.00,140
-0.42,0.44,-80.34,1019.00,962.00,881.00,839.00,141
-5.68,-3.53,2.53,1023.00,1023.00,1023.00,1023.00,142
-5.68,-3.53,2.56,1023.00,1023.00,1023.00,1023.00,143
-5.68,-3.54,2.58,1023.00,1023.00,1023.00,1023.00,144
-5.67,-3.55,2.60,1023.00,1023.00,1023.00,1023.00,145
-5.65,-3.54,2.60,1023.00,1023.00,1023.00,1023.00,146
-5.64,-3.51,2.56,1023.00,1023.00,1023.00,1023.00,147
-5.60,-3.47,2.52,1023.00,1023.00,1023.00,1023.00,148
-5.52,-3.40,2.45,1023.00,1023.00,1023.00,1023.00,149
-5.32,-3.27,2.31,1023.00,1023.00,1023.00,1023.00,150
-5.01,-3.01,2.00,1023.00,1023.00,1023.00,1023.00,151
-4.63,-2.61,1.34,1023.00,1023.00,1023.00,1023.00,152
-4.19,-1.97,0.09,1023.00,1023.00,1023.00,1023.00,153
-3.71,-1.06,-1.61,1023.00,1023.00,1023.00,1023.00,154
-3.13,0.14,-4.66,1023.00,1023.00,1023.00,1023.00,155
-2.43,2.23,-10.12,1023.00,999.00,1023.00,1023.00,156
-1.01,5.12,-17.87,1023.00,999.00,1023.00,1022.00,157
0.78,6.18,-27.19,1023.00,991.00,1018.00,1018.00,158
2.90,6.22,-36.11,1023.00,999.00,1022.00,1000.00,159
5.15,6.75,-43.51,1018.00,1002.00,834.00,965.00,160
6.24,5.90,-50.30,1018.00,951.00,750.00,896.00,161
7.16,5.88,-55.83,1019.00,883.00,677.00,862.00,162
8.14,6.59,-59.98,1020.00,880.00,627.00,784.00,163
7.71,6.72,-62.18,1023.00,792.00,617.00,751.00,164
4.94,5.44,-62.51,1023.00,803.00,612.00,758.00,165
-1.01,1.31,-63.92,1022.00,823.00,643.00,807.00,166
-6.53,-2.96,-64.13,1020.00,811.00,658.00,843.00,167
-8.08,-5.05,-65.60,1020.00,827.00,642.00,845.00,168
-7.85,-5.14,-66.16,1019.00,856.00,715.00,874.00,169
-8.33,-5.63,-65.76,1020.00,856.00,728.00,867.00,170
-8.54,-6.12,-65.92,1020.00,857.00,711.00,875.00,171
-8.63,-6.41,-66.32,1020.00,858.00,742.00,874.00,172
-8.46,-6.12,-66.36,1020.00,864.00,753.00,879.00,173
-8.13,-5.92,-66.76,1020.00,871.00,751.00,879.00,174
-7.25,-5.34,-67.68,1019.00,889.00,735.00,830.00,175
-4.80,-3.30,-68.34,1020.00,892.00,733.00,834.00,176
0.40,1.21,-68.70,1019.00,895.00,720.00,838.00,177
8.74,8.40,-69.94,1020.00,885.00,729.00,834.00,178
20.25,18.38,-68.28,995.00,897.00,725.00,830.00,179
34.09,30.32,-61.74,1023.00,899.00,738.00,826.00,180
49.21,44.42,-50.03,1023.00,910.00,721.00,834.00,181
60.83,54.06,-35.53,1009.00,922.00,736.00,856.00,182
68.77,56.60,-17.45,996.00,929.00,743.00,890.00,183
74.36,56.11,-1.69,991.00,932.00,744.00,884.00,184
77.53,55.35,5.32,993.00,931.00,754.00,868.00,185
79.36,54.72,8.80,990.00,935.00,754.00,867.00,186
79.98,53.85,10.67,994.00,970.00,754.00,871.00,187
79.71,53.48,10.28,1000.00,974.00,754.00,863.00,188
80.01,53.91,10.65,994.00,974.00,755.00,868.00,189
79.90,54.35,10.49,994.00,975.00,754.00,866.00,190
79.18,55.02,9.30,1000.00,975.00,753.00,863.00,191
78.08,55.99,7.76,1011.00,976.00,753.00,860.00,192
74.59,57.30,1.11,1023.00,968.00,751.00,864.00,193
64.44,55.28,-19.51,1023.00,970.00,758.00,849.00,194
46.05,44.21,-47.21,1023.00,962.00,766.00,847.00,195
21.72,23.23,-69.49,1023.00,951.00,766.00,891.00,196
-1.79,-0.97,-78.43,1020.00,933.00,790.00,878.00,197
-10.70,-9.53,-78.29,1020.00,909.00,778.00,885.00,198
-13.02,-11.90,-80.29,1021.00,911.00,763.00,882.00,199
-15.16,-14.80,-84.90,1020.00,912.00,791.00,886.00,200
-15.06,-14.63,-85.03,1021.00,914.00,800.00,874.00,201
-14.36,-13.80,-84.43,1020.00,919.00,800.00,879.00,202
-14.49,-14.22,-86.54,1020.00,926.00,808.00,878.00,203
-14.25,-13.98,-86.54,1020.00,926.00,817.00,877.00,204
-13.66,-13.33,-86.07,1019.00,929.00,817.00,878.00,205
-14.15,-13.96,-87.39,1020.00,931.00,822.00,880.00,206
-14.35,-14.21,-87.54,1020.00,928.00,824.00,894.00,207
-13.68,-13.47,-86.62,1020.00,926.00,828.00,896.00,208
-13.87,-13.71,-87.24,1020.00,927.00,830.00,901.00,209
-14.16,-14.03,-87.50,1020.00,931.00,833.00,902.00,210
-13.73,-13.57,-86.85,1020.00,948.00,834.00,905.00,211
1023.00,1023.00,-86.85,1020.00,948.00,834.00,905.00,211
-4.61,-3.51,3.77,1023.00,1023.00,1023.00,1023.00,212
-4.60,-3.52,3.81,1023.00,1023.00,1023.00,1023.00,213
-4.60,-3.52,3.79,1023.00,1023.00,1023.00,1023.00,214
-4.58,-3.51,3.73,1023.00,1023.00,1023.00,1023.00,215
-4.57,-3.49,3.73,1023.00,1023.00,1023.00,1023.00,216
-4.52,-3.43,3.71,1023.00,1023.00,1023.00,1023.00,217
-4.42,-3.30,3.50,1023.00,1023.00,1023.00,1023.00,218
-4.26,-3.13,3.19,1023.00,1023.00,1023.00,1023.00,219
-3.81,-2.75,2.73,1023.00,1023.00,1023.00,1023.00,220
-3.17,-2.23,1.89,1023.00,1023.00,1023.00,1023.00,221
-2.60,-1.51,0.55,1023.00,1023.00,1023.00,1023.00,222
-1.91,0.06,-1.93,1023.00,1023.00,1023.00,1023.00,223
-0.92,2.93,-6.10,1023.00,1023.00,1022.00,1022.00,224
0.61,5.84,-12.04,1023.00,1000.00,1023.00,1023.00,225
2.56,8.20,-19.53,1023.00,977.00,1012.00,1016.00,226
4.59,9.47,-28.58,1023.00,995.00,1021.00,1021.00,227
6.43,9.31,-37.25,1023.00,1007.00,1021.00,1016.00,228
7.72,8.99,-45.20,1023.00,1023.00,956.00,1001.00,229
8.92,9.01,-52.18,1019.00,1012.00,848.00,903.00,230
8.97,8.53,-57.11,1023.00,955.00,757.00,883.00,231
8.18,7.62,-61.13,1023.00,887.00,702.00,787.00,232
6.54,6.23,-65.08,1023.00,889.00,635.00,775.00,233
3.73,3.72,-67.92,1023.00,939.00,619.00,740.00,234
-0.19,0.53,-70.14,1023.00,815.00,634.00,759.00,235
-3.37,-2.30,-71.33,1023.00,813.00,667.00,763.00,236
-6.67,-5.32,-70.94,1023.00,808.00,679.00,781.00,237
-8.94,-7.68,-70.56,1020.00,811.00,698.00,785.00,238
-9.60,-8.23,-70.19,1020.00,813.00,722.00,796.00,239
-9.78,-8.30,-70.55,1021.00,814.00,718.00,785.00,240
-10.18,-8.69,-70.42,1022.00,840.00,719.00,761.00,241
-9.78,-8.50,-70.29,1021.00,851.00,721.00,782.00,242
-8.68,-7.53,-70.21,1021.00,852.00,726.00,781.00,243
-6.83,-5.87,-70.92,1020.00,850.00,722.00,782.00,244
-2.84,-2.31,-71.27,1020.00,855.00,722.00,778.00,245
3.70,3.60,-70.92,1019.00,870.00,706.00,761.00,246
13.08,11.79,-70.77,1023.00,887.00,723.00,772.00,247
25.25,22.17,-67.90,1023.00,885.00,755.00,792.00,248
38.89,33.66,-58.45,1006.00,892.00,759.00,796.00,249
51.27,44.86,-47.78,1014.00,893.00,789.00,786.00,250
61.28,52.80,-33.80,1008.00,896.00,798.00,813.00,251
68.39,55.41,-18.29,1008.00,902.00,799.00,808.00,252
73.00,55.64,-6.70,990.00,909.00,798.00,811.00,253
75.36,55.17,-1.67,987.00,910.00,797.00,819.00,254
76.26,54.20,0.59,988.00,928.00,797.00,818.00,255
77.01,53.96,2.25,989.00,939.00,790.00,816.00,256
76.90,54.22,1.61,986.00,944.00,791.00,818.00,257
76.72,54.37,1.47,988.00,950.00,789.00,817.00,258
76.63,54.74,1.78,990.00,947.00,789.00,820.00,259
75.98,55.56,0.08,989.00,952.00,786.00,814.00,260
74.97,56.75,-2.29,1023.00,952.00,788.00,822.00,261
72.63,58.37,-6.84,1023.00,952.00,779.00,825.00,262
64.09,57.74,-22.11,1023.00,939.00,794.00,789.00,263
43.86,47.37,-49.14,1023.00,930.00,784.00,771.00,264
13.36,18.32,-67.81,1020.00,929.00,832.00,756.00,265
-12.56,-11.95,-77.45,1018.00,917.00,891.00,790.00,266
-11.59,-10.69,-74.72,1020.00,920.00,855.00,824.00,267
-11.76,-9.25,-72.80,1020.00,917.00,819.00,845.00,268
-10.21,-8.94,-77.75,1020.00,916.00,851.00,789.00,269
-10.09,-8.94,-77.51,1020.00,922.00,842.00,782.00,270
-9.49,-7.90,-75.42,1019.00,921.00,847.00,766.00,271
-9.52,-8.39,-77.30,1020.00,914.00,853.00,767.00,272
-9.82,-8.69,-77.59,1020.00,908.00,850.00,764.00,273
-9.32,-7.98,-77.00,1021.00,900.00,855.00,763.00,274
-9.51,-8.44,-78.00,1019.00,905.00,855.00,764.00,275
-9.69,-8.70,-78.49,1020.00,904.00,857.00,770.00,276
-8.73,-7.67,-78.71,1020.00,904.00,854.00,768.00,277
-8.47,-7.62,-79.87,1020.00,903.00,857.00,772.00,278
-8.58,-7.80,-80.32,1020.00,902.00,857.00,778.00,279
-7.88,-7.14,-80.39,1020.00,927.00,863.00,784.00,280
-6.90,-6.32,-80.90,1023.00,945.00,870.00,809.00,281
-5.68,-3.53,3.67,1023.00,1023.00,1023.00,1023.00,282
-5.67,-3.54,3.69,1023.00,1023.00,1023.00,1023.00,283
-5.67,-3.55,3.70,1023.00,1023.00,1023.00,1023.00,284
-5.65,-3.56,3.72,1023.00,1023.00,1023.00,1023.00,285
-5.64,-3.54,3.71,1023.00,1023.00,1023.00,1023.00,286
-5.62,-3.51,3.70,1023.00,1023.00,1023.00,1023.00,287
-5.57,-3.49,3.68,1023.00,1023.00,1023.00,1023.00,288
-5.48,-3.41,3.57,1023.00,1023.00,1023.00,1023.00,289
-5.27,-3.20,3.27,1023.00,1023.00,1023.00,1023.00,290
-4.84,-2.79,2.67,1023.00,1023.00,1023.00,1023.00,291
-4.37,-2.19,1.67,1023.00,1023.00,1023.00,1023.00,292
-3.70,-1.24,0.09,1023.00,1023.00,1023.00,1023.00,293
-2.99,-0.04,-2.55,1023.00,1023.00,1023.00,1023.00,294
-1.96,1.30,-6.77,1023.00,1022.00,1023.00,1023.00,295
-0.34,3.08,-12.81,1023.00,1001.00,1022.00,1022.00,296
1.66,5.64,-20.24,1023.00,1002.00,1023.00,1023.00,297
3.58,7.33,-29.52,1023.00,1000.00,1021.00,1021.00,298
5.52,8.46,-39.59,1023.00,986.00,1015.00,1013.00,299
6.87,8.47,-48.65,1020.00,1009.00,966.00,1004.00,300
8.44,9.17,-54.58,1023.00,1023.00,859.00,980.00,301
9.57,9.56,-57.81,1023.00,998.00,781.00,875.00,302
10.28,10.22,-60.22,1023.00,943.00,728.00,849.00,303
10.57,10.55,-62.23,1023.00,880.00,683.00,752.00,304
9.96,10.16,-63.56,1023.00,907.00,620.00,695.00,305
8.19,8.81,-64.58,1023.00,861.00,611.00,719.00,306
5.23,6.47,-64.99,1022.00,881.00,631.00,718.00,307
1.38,3.76,-64.82,1023.00,892.00,654.00,727.00,308
-4.23,-0.36,-62.98,1023.00,938.00,661.00,716.00,309
-5.65,-1.67,-63.51,1023.00,988.00,727.00,720.00,310
-6.08,-2.26,-63.47,1023.00,989.00,729.00,708.00,311
-5.53,-1.86,-63.94,1023.00,988.00,723.00,710.00,312
-5.39,-1.77,-63.89,1023.00,990.00,722.00,710.00,313
-5.13,-1.47,-64.15,1023.00,1017.00,722.00,706.00,314
-5.06,-1.56,-64.79,1023.00,1017.00,725.00,712.00,315
-4.48,-1.27,-65.57,1023.00,1018.00,729.00,719.00,316
-1.90,0.86,-66.63,1023.00,997.00,732.00,727.00,317
2.66,4.82,-67.11,1023.00,994.00,715.00,738.00,318
10.67,11.62,-67.87,1023.00,995.00,715.00,780.00,319
22.35,21.28,-67.40,1000.00,1023.00,719.00,797.00,320
36.62,33.47,-59.75,996.00,1023.00,718.00,810.00,321
51.05,45.04,-46.98,1005.00,1023.00,717.00,825.00,322
62.88,54.70,-31.29,1014.00,1023.00,723.00,834.00,323
71.49,57.93,-11.48,1018.00,1023.00,732.00,838.00,324
77.67,56.80,5.73,1023.00,1023.00,731.00,851.00,325
80.84,55.59,13.21,1023.00,1023.00,735.00,852.00,326
82.98,55.07,17.01,1023.00,1023.00,739.00,854.00,327
83.87,54.52,18.57,1023.00,1023.00,751.00,863.00,328
83.80,54.29,18.52,1023.00,1023.00,755.00,861.00,329
84.24,54.84,19.39,1023.00,1023.00,756.00,861.00,330
84.02,55.11,19.10,1023.00,1023.00,757.00,859.00,331
83.25,55.88,17.53,1023.00,1023.00,759.00,860.00,332
82.31,57.68,15.29,1023.00,1023.00,760.00,861.00,333
79.24,60.43,8.46,1023.00,1023.00,760.00,853.00,334
70.13,61.25,-12.07,1023.00,1023.00,770.00,856.00,335
53.90,54.61,-41.44,1022.00,1023.00,753.00,876.00,336
27.82,33.39,-64.50,1023.00,1023.00,745.00,825.00,337
1.47,6.04,-70.96,1020.00,1023.00,783.00,830.00,338
-4.90,-0.52,-70.51,1019.00,1023.00,791.00,846.00,339
-6.17,-0.07,-67.60,1020.00,1023.00,775.00,854.00,340
-4.30,0.71,-71.00,1020.00,1023.00,788.00,832.00,341
-4.74,-0.49,-71.97,1019.00,1023.00,802.00,837.00,342
-5.13,-1.49,-72.48,1019.00,1023.00,809.00,840.00,343
-5.04,-1.66,-73.20,1020.00,1023.00,807.00,839.00,344
-5.32,-2.50,-74.64,1020.00,1023.00,803.00,840.00,345
-5.44,-2.58,-74.65,1020.00,1023.00,804.00,856.00,346
-4.71,-1.92,-75.31,1020.00,1023.00,812.00,864.00,347
-4.63,-2.10,-76.35,1020.00,1023.00,814.00,867.00,348
-4.76,-2.00,-75.90,1020.00,1023.00,812.00,865.00,349
-4.52,-1.73,-75.83,1019.00,1023.00,814.00,880.00,350
-4.49,-2.02,-76.44,1019.00,1023.00,814.00,878.00,351
-5.58,-0.01,1.63,1023.00,1023.00,1023.00,1023.00,352
-5.55,0.12,1.50,1023.00,1023.00,1023.00,1023.00,353
-5.50,0.23,1.37,1023.00,1023.00,1023.00,1023.00,354
-5.43,0.34,1.22,1023.00,1023.00,1023.00,1023.00,355
-5.25,0.48,0.96,1023.00,1023.00,1023.00,1023.00,356
-4.82,0.92,0.46,1023.00,1023.00,1023.00,1023.00,357
-4.41,1.21,-0.51,1023.00,1023.00,1023.00,1023.00,358
-3.98,1.46,-1.72,1023.00,1023.00,1023.00,1023.00,359
-3.36,2.01,-3.32,1023.00,1023.00,1023.00,1023.00,360
-2.61,2.99,-6.25,1023.00,1023.00,1023.00,1023.00,361
-1.85,3.98,-10.66,1023.00,1023.00,1023.00,1023.00,362
-0.54,4.90,-16.26,1023.00,1023.00,1023.00,1022.00,363
1.49,6.38,-23.14,1023.00,1023.00,1023.00,1023.00,364
3.93,7.75,-31.61,1023.00,1009.00,1009.00,1009.00,365
6.03,8.18,-39.83,1023.00,1020.00,1021.00,1021.00,366
7.67,8.87,-45.81,1023.00,1021.00,977.00,1005.00,367
9.33,9.82,-50.54,1023.00,1019.00,869.00,949.00,368
10.65,10.21,-54.37,1023.00,995.00,798.00,908.00,369
11.25,10.24,-58.26,1023.00,956.00,702.00,854.00,370
11.42,10.02,-61.90,1023.00,983.00,648.00,873.00,371
10.77,8.93,-64.06,1023.00,1003.00,613.00,828.00,372
9.81,8.39,-65.00,1023.00,920.00,610.00,779.00,373
8.54,7.94,-65.11,1018.00,923.00,623.00,749.00,374
6.72,6.71,-66.65,1023.00,984.00,693.00,753.00,375
4.61,5.19,-67.62,1023.00,997.00,685.00,773.00,376
3.15,3.38,-68.20,1023.00,1006.00,684.00,803.00,377
1.35,1.45,-68.45,1023.00,1004.00,691.00,820.00,378
-0.82,-0.66,-68.91,1023.00,1001.00,693.00,862.00,379
-2.38,-2.23,-69.46,1023.00,1003.00,697.00,862.00,380
-3.27,-3.04,-69.76,1023.00,1003.00,685.00,864.00,381
-3.10,-2.79,-70.27,1023.00,1003.00,693.00,853.00,382
-2.11,-2.00,-71.36,1023.00,1004.00,691.00,845.00,383
0.70,0.46,-72.04,1023.00,1003.00,690.00,839.00,384
5.95,4.85,-71.74,1002.00,998.00,708.00,862.00,385
12.05,9.57,-71.22,1002.00,978.00,709.00,851.00,386
18.52,15.63,-68.96,1023.00,1005.00,707.00,870.00,387
28.87,25.16,-64.75,1023.00,1018.00,707.00,861.00,388
38.98,33.77,-58.37,1023.00,1023.00,716.00,887.00,389
51.21,46.46,-47.75,1010.00,1023.00,749.00,970.00,390
60.88,53.53,-34.56,1010.00,1023.00,765.00,948.00,391
68.22,56.56,-16.38,1023.00,1023.00,764.00,939.00,392
74.65,57.90,-0.98,1010.00,1023.00,765.00,933.00,393
79.05,57.08,10.01,1009.00,1023.00,763.00,933.00,394
82.31,55.67,17.89,1010.00,1023.00,762.00,933.00,395
82.69,54.69,18.59,1023.00,1023.00,762.00,932.00,396
83.43,55.05,19.45,1010.00,1023.00,762.00,931.00,397
83.40,55.25,19.30,1010.00,1023.00,759.00,934.00,398
82.86,55.93,17.79,1023.00,1023.00,758.00,937.00,399
82.46,56.61,17.38,1010.00,1023.00,726.00,932.00,400
81.62,57.38,15.73,1012.00,1023.00,716.00,930.00,401
78.74,59.19,8.03,1023.00,1023.00,719.00,917.00,402
72.20,59.89,-6.35,1023.00,1023.00,721.00,935.00,403
60.52,56.61,-26.94,1023.00,1023.00,781.00,958.00,404
42.17,45.80,-51.91,1023.00,1010.00,788.00,954.00,405
17.67,21.40,-71.37,1023.00,1014.00,807.00,964.00,406
-2.05,-1.42,-82.91,1018.00,1023.00,840.00,971.00,407
-6.36,-5.74,-84.00,1021.00,1011.00,846.00,958.00,408
-7.80,-6.59,-82.51,1020.00,1003.00,844.00,964.00,409
-9.29,-9.05,-87.46,1020.00,1009.00,861.00,967.00,410
-10.89,-10.74,-87.83,1020.00,1011.00,849.00,970.00,411
-9.23,-8.64,-85.00,1020.00,1011.00,841.00,968.00,412
-8.62,-8.22,-86.29,1020.00,1011.00,863.00,973.00,413
-9.52,-9.30,-87.47,1020.00,1010.00,877.00,971.00,414
-9.02,-8.76,-87.10,1020.00,1011.00,877.00,967.00,415
-8.66,-8.44,-87.54,1020.00,1011.00,879.00,972.00,416
-9.30,-9.21,-88.78,1020.00,1013.00,887.00,971.00,417
-9.59,-9.51,-88.75,1019.00,1012.00,894.00,951.00,418
-9.02,-8.94,-88.57,1020.00,1012.00,895.00,973.00,419
-9.05,-8.99,-89.00,1020.00,1013.00,894.00,948.00,420
-8.92,-8.87,-89.06,1023.00,1012.00,894.00,948.00,421
1023.00,1023.00,-89.06,1023.00,1012.00,894.00,948.00,421
-3.81,1.90,0.20,1023.00,1023.00,1023.00,1023.00,422
-3.81,1.89,0.23,1023.00,1023.00,1023.00,1023.00,423
-3.81,1.88,0.24,1023.00,1023.00,1023.00,1023.00,424
-3.80,1.87,0.25,1023.00,1023.00,1023.00,1023.00,425
-3.78,1.88,0.25,1023.00,1023.00,1023.00,1023.00,426
-3.76,1.89,0.22,1023.00,1023.00,1023.00,1023.00,427
-3.74,1.92,0.20,1023.00,1023.00,1023.00,1023.00,428
-3.66,1.96,0.16,1023.00,1023.00,1023.00,1023.00,429
-3.41,1.95,-0.22,1023.00,1023.00,1023.00,1023.00,430
-3.09,1.59,-1.07,1023.00,1023.00,1023.00,1023.00,431
-2.79,0.82,-2.12,1023.00,1023.00,1023.00,1023.00,432
-2.11,-0.30,-3.89,1023.00,1023.00,1023.00,1023.00,433
-0.45,-0.84,-7.35,1023.00,1020.00,1020.00,1020.00,434
1.52,-0.33,-13.04,1023.00,1022.00,1022.00,1022.00,435
3.76,0.46,-21.16,1023.00,1023.00,1023.00,1023.00,436
6.41,1.30,-30.78,1023.00,1023.00,1023.00,1023.00,437
9.00,2.46,-40.27,1023.00,1023.00,1023.00,1023.00,438
11.20,4.15,-48.41,1023.00,1023.00,1023.00,1023.00,439
13.18,6.22,-54.58,1023.00,1021.00,1022.00,1022.00,440
14.89,8.66,-58.74,1023.00,998.00,968.00,976.00,441
16.10,10.84,-61.33,1023.00,999.00,875.00,952.00,442
16.17,11.68,-63.92,1023.00,954.00,749.00,874.00,443
15.26,11.90,-66.55,1023.00,966.00,641.00,822.00,444
11.99,9.98,-67.65,1018.00,930.00,624.00,770.00,445
9.32,8.68,-66.63,1018.00,943.00,651.00,780.00,446
7.76,7.50,-68.08,1018.00,947.00,707.00,786.00,447
5.47,5.91,-68.43,1023.00,977.00,709.00,818.00,448
3.16,3.64,-68.97,1023.00,980.00,702.00,819.00,449
1.62,1.75,-68.58,1023.00,995.00,759.00,839.00,450
1.57,1.84,-68.23,1023.00,980.00,765.00,831.00,451
1.54,1.84,-68.76,1023.00,978.00,781.00,841.00,452
1.48,1.82,-69.34,1023.00,977.00,786.00,856.00,453
2.39,2.68,-69.74,1023.00,977.00,793.00,864.00,454
3.97,3.97,-70.25,1023.00,974.00,793.00,862.00,455
7.45,7.02,-70.22,1023.00,978.00,800.00,866.00,456
12.89,11.53,-69.42,1023.00,976.00,790.00,861.00,457
20.43,17.77,-69.01,998.00,981.00,775.00,887.00,458
30.51,26.58,-65.67,1023.00,984.00,777.00,900.00,459
40.08,35.10,-57.35,1023.00,1006.00,759.00,948.00,460
51.22,45.31,-45.80,1021.00,1006.00,766.00,994.00,461
61.16,52.66,-30.21,1014.00,1006.00,787.00,958.00,462
69.64,56.55,-12.46,1011.00,1023.00,783.00,962.00,463
76.48,57.10,2.98,1010.00,1023.00,781.00,955.00,464
81.54,55.94,14.13,1011.00,1023.00,785.00,948.00,465
84.67,54.30,20.35,1023.00,1023.00,785.00,944.00,466
86.60,53.39,23.35,1023.00,1023.00,786.00,940.00,467
87.71,52.86,25.02,1023.00,1023.00,785.00,926.00,468
87.98,52.50,25.09,1023.00,1023.00,787.00,924.00,469
88.18,52.66,25.24,1023.00,1022.00,796.00,925.00,470
87.94,52.94,25.19,1023.00,1023.00,797.00,925.00,471
87.08,53.56,23.95,1023.00,1022.00,796.00,918.00,472
85.48,55.36,20.67,1023.00,1023.00,797.00,917.00,473
81.59,58.40,12.57,1023.00,1023.00,794.00,919.00,474
72.24,59.96,-6.13,1023.00,1023.00,796.00,927.00,475
57.11,55.55,-34.63,1023.00,1023.00,798.00,931.00,476
36.98,40.46,-62.36,1023.00,1012.00,798.00,940.00,477
12.29,13.74,-79.99,1023.00,1023.00,829.00,933.00,478
-5.02,-174.86,-93.09,1014.00,1020.00,880.00,942.00,479
-7.99,-7.80,-87.89,1023.00,1023.00,852.00,958.00,480
-8.94,-8.36,-86.06,1023.00,991.00,857.00,962.00,481
-10.54,-169.40,-90.73,1023.00,1002.00,874.00,959.00,482
-11.91,-168.06,-90.42,1023.00,1001.00,872.00,963.00,483
-10.43,-10.23,-88.11,1023.00,1001.00,874.00,972.00,484
-9.71,-9.63,-89.21,1023.00,994.00,883.00,970.00,485
-10.02,-10.00,-89.83,1023.00,1008.00,883.00,938.00,486
-10.08,-10.07,-89.78,1023.00,1008.00,890.00,944.00,487
-9.90,-170.04,-90.85,1023.00,1008.00,904.00,940.00,488
-10.03,-169.88,-91.60,1023.00,1010.00,908.00,936.00,489
-10.08,-169.85,-91.24,1023.00,1023.00,908.00,938.00,490
-9.33,-170.61,-91.30,1023.00,1023.00,916.00,940.00,491
-4.21,-0.03,0.60,1023.00,1023.00,1023.00,1023.00,492
-4.20,-0.03,0.65,1023.00,1023.00,1023.00,1023.00,493
-4.20,-0.04,0.69,1023.00,1023.00,1023.00,1023.00,494
-4.18,-0.03,0.71,1023.00,1023.00,1023.00,1023.00,495
-4.14,-0.00,0.69,1023.00,1023.00,1023.00,1023.00,496
-4.04,0.04,0.51,1023.00,1023.00,1023.00,1023.00,497
-3.81,0.05,0.15,1023.00,1023.00,1023.00,1023.00,498
-3.24,0.25,-0.73,1023.00,1023.00,1023.00,1023.00,499
-2.59,0.78,-3.10,1023.00,1023.00,1023.00,1023.00,500
-1.55,1.73,-7.93,1023.00,1022.00,1022.00,1022.00,501
-0.10,3.06,-15.40,1023.00,1023.00,1022.00,1022.00,502
1.71,4.11,-25.63,1023.00,1023.00,1023.00,1023.00,503
3.22,4.71,-38.27,1023.00,1011.00,915.00,1016.00,504
4.89,5.71,-50.14,1023.00,991.00,958.00,948.00,505
6.10,6.47,-58.95,1023.00,1023.00,1023.00,1022.00,506
6.61,6.63,-64.67,1023.00,1023.00,1023.00,1023.00,507
6.86,6.85,-66.81,1023.00,1023.00,1023.00,998.00,508
6.64,6.53,-68.79,1023.00,1022.00,925.00,963.00,509
6.01,5.86,-70.67,1018.00,997.00,850.00,901.00,510
4.88,5.02,-72.81,1018.00,969.00,750.00,922.00,511
2.72,3.54,-73.78,1018.00,916.00,706.00,789.00,512
0.43,1.58,-74.86,1012.00,931.00,692.00,780.00,513
-1.42,-0.34,-75.72,1013.00,929.00,726.00,772.00,514
-3.87,-2.66,-75.78,1013.00,916.00,731.00,797.00,515
-5.67,-4.10,-75.49,1019.00,923.00,728.00,819.00,516
-7.06,-5.59,-75.11,1013.00,898.00,765.00,889.00,517
-7.76,-6.37,-74.51,1023.00,913.00,775.00,861.00,518
-7.97,-6.53,-73.80,1023.00,909.00,768.00,852.00,519
-7.61,-6.31,-73.79,1023.00,909.00,767.00,850.00,520
-7.22,-6.24,-74.71,1023.00,910.00,769.00,839.00,521
-5.93,-5.18,-75.58,1023.00,900.00,774.00,837.00,522
-3.68,-3.18,-75.92,1023.00,906.00,782.00,840.00,523
-0.22,-0.02,-75.62,1023.00,909.00,784.00,842.00,524
5.36,4.80,-75.75,1023.00,899.00,812.00,843.00,525
13.03,11.08,-75.19,1002.00,910.00,801.00,845.00,526
20.36,17.14,-72.51,1003.00,916.00,821.00,875.00,527
30.57,26.22,-67.12,1023.00,906.00,828.00,906.00,528
41.32,34.56,-58.58,1023.00,923.00,841.00,905.00,529
54.14,46.41,-44.54,1006.00,941.00,841.00,914.00,530
65.54,53.98,-26.04,1007.00,958.00,854.00,914.00,531
75.35,56.52,-2.62,1007.00,958.00,858.00,918.00,532
81.31,55.02,11.20,1007.00,958.00,854.00,920.00,533
84.82,54.07,17.26,995.00,959.00,853.00,916.00,534
86.80,53.57,20.18,989.00,959.00,850.00,913.00,535
86.85,53.31,19.62,995.00,967.00,847.00,904.00,536
87.04,53.37,20.16,993.00,967.00,845.00,903.00,537
86.86,53.69,20.42,992.00,966.00,845.00,903.00,538
86.01,54.68,18.64,993.00,967.00,844.00,905.00,539
85.08,55.76,17.10,988.00,966.00,837.00,887.00,540
82.70,57.35,12.79,1023.00,967.00,838.00,876.00,541
76.29,58.98,0.06,1023.00,962.00,841.00,878.00,542
64.79,56.49,-21.81,1023.00,966.00,836.00,895.00,543
49.38,48.63,-44.48,1023.00,970.00,819.00,897.00,544
29.07,33.40,-63.26,1023.00,969.00,846.00,912.00,545
11.22,13.77,-77.25,1014.00,968.00,874.00,887.00,546
5.34,5.74,-87.30,1013.00,955.00,895.00,885.00,547
1.75,2.99,-84.57,1023.00,956.00,879.00,883.00,548
-1.94,-0.56,-83.55,1023.00,954.00,887.00,882.00,549
-5.56,-5.41,-88.89,1023.00,955.00,891.00,880.00,550
-7.28,-7.10,-88.61,1023.00,953.00,908.00,885.00,551
-7.18,-6.81,-87.57,1023.00,953.00,909.00,890.00,552
-6.92,-6.80,-89.10,1023.00,953.00,909.00,892.00,553
-7.41,-7.36,-89.57,1023.00,953.00,904.00,892.00,554
-6.82,-6.72,-89.21,1023.00,953.00,906.00,893.00,555
-6.23,-6.13,-89.21,1023.00,953.00,906.00,899.00,556
-6.39,-6.36,-89.78,1023.00,974.00,911.00,907.00,557
-6.34,-173.65,-90.13,1023.00,976.00,926.00,910.00,558
-5.74,-5.74,-89.96,1023.00,977.00,923.00,915.00,559
-4.71,-4.68,-89.76,1023.00,986.00,919.00,927.00,560
-3.32,-3.24,-88.96,1023.00,991.00,905.00,956.00,561
1023.00,1023.00,-88.96,1023.00,991.00,905.00,956.00,561
-4.76,1.99,0.67,1023.00,1023.00,1023.00,1023.00,562
-4.77,1.91,0.77,1023.00,1023.00,1023.00,1023.00,563
-4.76,1.81,0.84,1023.00,1023.00,1023.00,1023.00,564
-4.62,1.64,0.80,1023.00,1023.00,1023.00,1023.00,565
-4.35,1.51,0.52,1023.00,1023.00,1023.00,1023.00,566
-4.07,1.44,0.06,1023.00,1023.00,1023.00,1023.00,567
-3.65,1.65,-0.63,1023.00,1023.00,1023.00,1023.00,568
-2.96,2.29,-2.86,1023.00,1023.00,1023.00,1023.00,569
-1.54,3.12,-8.28,1023.00,1018.00,1019.00,1018.00,570
0.93,4.04,-17.18,1023.00,1022.00,1017.00,1018.00,571
3.74,4.80,-28.50,1023.00,1021.00,977.00,995.00,572
5.90,5.29,-40.83,1023.00,1016.00,1018.00,1019.00,573
6.85,4.78,-53.32,1023.00,1022.00,1022.00,1022.00,574
7.82,5.28,-62.85,1023.00,1022.00,1023.00,1023.00,575
8.62,6.34,-69.40,1023.00,1022.00,1023.00,1023.00,576
9.31,7.38,-73.62,1010.00,1013.00,1023.00,992.00,577
9.63,7.81,-75.88,1012.00,987.00,1004.00,939.00,578
9.32,7.81,-78.47,1009.00,982.00,868.00,873.00,579
8.79,7.77,-80.23,1023.00,936.00,732.00,841.00,580
7.97,7.39,-80.68,1019.00,920.00,660.00,772.00,581
7.30,7.22,-80.15,1018.00,963.00,661.00,742.00,582
5.21,5.27,-81.27,1013.00,987.00,681.00,759.00,583
3.58,3.73,-80.77,1012.00,993.00,696.00,774.00,584
2.27,2.51,-78.95,1023.00,969.00,719.00,793.00,585
0.77,0.95,-78.32,1023.00,950.00,699.00,802.00,586
-1.12,-1.01,-76.64,1023.00,944.00,729.00,823.00,587
-1.15,-1.09,-73.82,1023.00,948.00,784.00,832.00,588
0.23,0.11,-74.53,1023.00,965.00,821.00,829.00,589
0.33,0.07,-75.60,1023.00,959.00,824.00,835.00,590
0.85,0.63,-75.64,1023.00,951.00,826.00,843.00,591
1.48,1.20,-75.78,1023.00,954.00,828.00,844.00,592
3.13,2.72,-76.19,1023.00,954.00,832.00,843.00,593
6.23,5.49,-76.14,1023.00,954.00,842.00,843.00,594
10.17,9.01,-76.11,1023.00,956.00,846.00,845.00,595
15.82,14.19,-75.19,1021.00,973.00,854.00,851.00,596
23.01,20.88,-71.98,1023.00,988.00,827.00,870.00,597
32.06,28.78,-65.99,1023.00,975.00,819.00,861.00,598
42.80,38.49,-54.59,1005.00,979.00,775.00,884.00,599
54.43,48.99,-43.64,1007.00,998.00,801.00,893.00,600
64.43,56.18,-27.27,1006.00,998.00,786.00,920.00,601
72.93,59.12,-7.25,1006.00,1005.00,782.00,943.00,602
78.26,57.92,6.39,987.00,1005.00,788.00,945.00,603
82.22,57.14,14.83,984.00,1006.00,804.00,944.00,604
83.96,56.00,18.60,984.00,1006.00,817.00,907.00,605
84.50,54.95,19.82,989.00,1006.00,813.00,908.00,606
85.00,55.17,20.49,985.00,1006.00,814.00,903.00,607
84.52,55.31,19.39,985.00,1006.00,814.00,903.00,608
84.32,55.97,18.85,987.00,1006.00,815.00,901.00,609
83.38,57.04,17.16,1023.00,1006.00,816.00,899.00,610
80.84,58.81,11.46,989.00,1006.00,813.00,895.00,611
75.27,60.31,0.34,988.00,1006.00,812.00,899.00,612
64.28,58.44,-20.29,1023.00,1009.00,812.00,892.00,613
45.76,47.79,-44.97,1023.00,982.00,826.00,903.00,614
19.33,24.48,-61.50,1023.00,976.00,822.00,913.00,615
-4.59,-2.81,-69.19,1023.00,983.00,867.00,910.00,616
-12.51,-12.74,-80.03,1023.00,988.00,910.00,901.00,617
-13.28,-12.30,-77.53,1023.00,964.00,901.00,909.00,618
-12.78,-11.21,-77.68,1023.00,965.00,904.00,901.00,619
-14.04,-13.69,-81.45,1023.00,977.00,910.00,900.00,620
-14.66,-14.16,-79.82,1023.00,973.00,905.00,903.00,621
-13.47,-12.55,-78.64,1023.00,969.00,906.00,908.00,622
-13.25,-12.62,-80.61,1023.00,976.00,911.00,909.00,623
-13.68,-13.11,-80.28,1023.00,976.00,912.00,907.00,624
-13.03,-12.13,-78.81,1023.00,974.00,912.00,912.00,625
-12.60,-11.68,-79.01,1023.00,976.00,913.00,848.00,626
-12.97,-12.24,-79.47,1023.00,977.00,913.00,854.00,627
-12.99,-12.19,-78.81,1023.00,977.00,914.00,864.00,628
-12.40,-11.52,-78.37,1023.00,978.00,920.00,858.00,629
-11.91,-11.19,-78.79,1023.00,981.00,926.00,860.00,630
-11.79,-11.17,-78.72,1023.00,998.00,925.00,868.00,631
-5.92,1.05,0.15,1023.00,1023.00,1023.00,1023.00,632
-5.79,1.03,0.07,1023.00,1023.00,1023.00,1023.00,633
-5.45,0.98,-0.20,1023.00,1023.00,1023.00,1023.00,634
-4.66,1.17,-1.06,1023.00,1023.00,1023.00,1023.00,635
-3.73,1.74,-3.24,1023.00,1023.00,1023.00,1023.00,636
-2.71,2.33,-7.41,1023.00,1023.00,1023.00,1023.00,637
-1.30,3.55,-13.52,1023.00,1021.00,1020.00,1020.00,638
0.90,4.96,-21.77,1023.00,1023.00,1023.00,1023.00,639
3.73,6.47,-31.42,1023.00,1023.00,1020.00,995.00,640
7.07,13.94,-44.29,1023.00,1023.00,1023.00,1015.00,641
9.70,10.06,-51.36,1023.00,985.00,912.00,935.00,642
10.83,10.24,-56.55,1023.00,948.00,796.00,878.00,643
12.29,11.11,-60.31,1023.00,919.00,709.00,863.00,644
13.72,11.99,-64.59,1023.00,947.00,680.00,859.00,645
14.24,12.42,-67.42,984.00,946.00,647.00,823.00,646
15.11,13.21,-69.14,980.00,975.00,633.00,801.00,647
15.57,13.36,-70.42,961.00,985.00,617.00,792.00,648
15.78,13.53,-71.04,951.00,949.00,630.00,811.00,649
15.88,13.72,-71.33,981.00,920.00,647.00,819.00,650
15.62,13.41,-71.92,948.00,939.00,660.00,812.00,651
15.31,12.84,-72.41,949.00,945.00,658.00,830.00,652
13.97,11.74,-72.41,946.00,923.00,644.00,812.00,653
12.34,10.06,-71.92,935.00,921.00,720.00,809.00,654
10.86,7.96,-70.94,963.00,928.00,773.00,834.00,655
11.45,8.61,-70.76,940.00,929.00,741.00,820.00,656
11.76,8.70,-70.67,974.00,956.00,736.00,853.00,657
11.56,8.54,-70.36,983.00,983.00,767.00,848.00,658
11.84,8.78,-70.04,961.00,983.00,777.00,842.00,659
12.30,9.34,-70.23,963.00,985.00,773.00,844.00,660
13.63,10.81,-70.35,962.00,985.00,777.00,848.00,661
15.95,13.16,-69.91,965.00,985.00,777.00,854.00,662
19.12,16.31,-69.26,971.00,998.00,776.00,853.00,663
24.10,21.10,-67.28,1008.00,984.00,778.00,865.00,664
31.44,28.32,-61.95,990.00,971.00,778.00,892.00,665
39.97,36.39,-54.70,975.00,973.00,773.00,935.00,666
51.54,47.55,-40.77,1002.00,974.00,770.00,947.00,667
62.87,55.92,-20.19,1010.00,975.00,766.00,975.00,668
72.82,58.75,3.31,1012.00,981.00,765.00,984.00,669
79.58,57.47,19.13,1023.00,983.00,773.00,993.00,670
83.03,55.69,25.63,1003.00,986.00,775.00,991.00,671
85.54,54.17,29.83,989.00,985.00,780.00,993.00,672
86.36,52.98,31.03,995.00,1004.00,782.00,982.00,673
86.70,52.42,31.18,1018.00,1005.00,785.00,983.00,674
86.89,52.53,30.94,1018.00,1005.00,793.00,988.00,675
86.27,53.42,29.36,1018.00,1005.00,797.00,992.00,676
85.36,54.84,27.44,1018.00,1012.00,797.00,1004.00,677
82.62,57.40,21.70,1017.00,1013.00,797.00,999.00,678
75.51,60.04,5.51,1023.00,999.00,799.00,992.00,679
64.23,58.79,-18.31,1023.00,999.00,802.00,977.00,680
48.40,50.21,-43.49,1018.00,998.00,816.00,1010.00,681
27.06,30.69,-65.07,1019.00,972.00,830.00,974.00,682
3.03,4.02,-81.04,1019.00,975.00,850.00,980.00,683
-12.95,-167.07,-91.41,1017.00,993.00,897.00,970.00,684
-15.73,-15.71,-86.36,1019.00,982.00,894.00,975.00,685
-15.33,-14.99,-84.46,1020.00,991.00,887.00,973.00,686
-15.75,-15.71,-88.09,1019.00,972.00,892.00,977.00,687
-16.70,-16.71,-88.16,1020.00,973.00,905.00,980.00,688
-15.96,-15.86,-85.47,1019.00,972.00,926.00,981.00,689
-15.36,-15.23,-85.84,1019.00,973.00,940.00,973.00,690
-15.72,-15.69,-87.15,1020.00,972.00,943.00,982.00,691
-15.95,-15.92,-87.00,1019.00,973.00,951.00,983.00,692
-15.49,-15.44,-87.14,1020.00,977.00,949.00,983.00,693
-15.35,-15.32,-87.80,1020.00,984.00,961.00,980.00,694
-15.99,-15.99,-88.19,1020.00,993.00,967.00,980.00,695
-15.73,-15.71,-88.21,1021.00,993.00,966.00,984.00,696
-14.30,-14.30,-88.53,1021.00,992.00,964.00,985.00,697
-13.13,-13.16,-88.31,1023.00,980.00,962.00,997.00,698
-11.98,-12.02,-87.64,1023.00,978.00,959.00,989.00,699
-9.23,-9.31,-86.58,1023.00,978.00,965.00,987.00,700
-6.05,-6.17,-85.87,1023.00,981.00,964.00,998.00,701
-5.48,0.09,-1.41,1023.00,1023.00,1023.00,1023.00,702
-5.44,0.12,-1.36,1023.00,1023.00,1023.00,1023.00,703
-5.38,0.15,-1.33,1023.00,1023.00,1023.00,1023.00,704
-5.22,0.22,-1.43,1023.00,1023.00,1023.00,1023.00,705
-4.73,0.43,-1.74,1023.00,1023.00,1023.00,1023.00,706
-4.00,0.80,-2.66,1023.00,1023.00,1023.00,1023.00,707
-3.33,1.33,-4.63,1023.00,1023.00,1023.00,1023.00,708
-2.32,2.06,-8.03,1023.00,1020.00,1021.00,1020.00,709
-0.72,2.94,-13.52,1023.00,1023.00,1023.00,1023.00,710
1.25,3.56,-20.61,1023.00,1023.00,1023.00,1023.00,711
3.77,4.86,-29.01,1023.00,1021.00,1021.00,1020.00,712
6.65,6.75,-38.29,1023.00,998.00,1000.00,1002.00,713
9.00,7.59,-48.54,1023.00,1020.00,1020.00,998.00,714
10.11,7.60,-57.68,1023.00,1004.00,1019.00,972.00,715
11.40,8.85,-63.45,1023.00,990.00,853.00,904.00,716
13.29,10.68,-66.83,1023.00,953.00,680.00,857.00,717
14.67,11.73,-68.83,1023.00,960.00,640.00,795.00,718
15.81,12.83,-71.77,1011.00,996.00,627.00,773.00,719
16.42,13.78,-71.86,1023.00,874.00,655.00,747.00,720
17.90,15.15,-72.24,1023.00,897.00,707.00,741.00,721
18.41,15.89,-73.33,1023.00,951.00,722.00,805.00,722
17.17,14.50,-72.49,1023.00,973.00,729.00,793.00,723
15.92,13.20,-70.98,1023.00,993.00,749.00,815.00,724
14.27,11.24,-70.11,1020.00,1018.00,751.00,838.00,725
12.65,9.44,-70.01,1020.00,1006.00,756.00,839.00,726
11.21,7.76,-69.70,1020.00,996.00,779.00,861.00,727
10.80,6.74,-68.11,1020.00,1004.00,768.00,853.00,728
11.79,7.54,-68.89,998.00,1003.00,757.00,934.00,729
11.76,7.50,-69.80,998.00,1006.00,773.00,923.00,730
11.49,7.32,-69.24,1000.00,1004.00,770.00,929.00,731
11.98,7.70,-69.14,1019.00,1005.00,772.00,931.00,732
12.20,7.92,-69.29,1021.00,1011.00,779.00,931.00,733
12.46,8.39,-69.80,1020.00,1013.00,791.00,930.00,734
13.24,9.50,-70.52,1020.00,1009.00,809.00,930.00,735
14.54,10.90,-70.22,1020.00,1008.00,811.00,930.00,736
17.44,13.74,-69.62,1020.00,1012.00,824.00,935.00,737
22.71,18.74,-67.65,1022.00,1013.00,837.00,933.00,738
30.03,25.70,-61.92,1023.00,1011.00,836.00,954.00,739
39.14,34.39,-52.39,1023.00,1019.00,845.00,976.00,740
50.62,45.09,-37.23,1023.00,1023.00,821.00,982.00,741
63.21,54.42,-14.81,1023.00,1023.00,816.00,985.00,742
72.94,56.56,6.97,1023.00,1023.00,812.00,976.00,743
79.71,55.20,21.63,1023.00,1023.00,821.00,969.00,744
83.77,53.30,29.46,1023.00,1023.00,822.00,972.00,745
86.22,51.62,33.14,1023.00,1023.00,821.00,980.00,746
87.72,50.87,34.71,1023.00,1023.00,826.00,977.00,747
87.85,50.48,34.52,1008.00,1023.00,823.00,981.00,748
87.93,50.44,34.35,1023.00,1023.00,822.00,984.00,749
87.69,51.34,33.48,1023.00,1023.00,823.00,984.00,750
86.67,52.44,31.49,1023.00,1023.00,821.00,985.00,751
84.57,54.46,26.99,1023.00,1023.00,818.00,986.00,752
80.61,57.17,18.05,1023.00,1023.00,741.00,975.00,753
73.41,58.87,2.50,1023.00,1023.00,749.00,930.00,754
60.77,56.74,-23.96,1023.00,1023.00,756.00,930.00,755
42.31,44.74,-54.44,1023.00,1023.00,785.00,926.00,756
17.71,19.28,-78.16,1023.00,1017.00,823.00,946.00,757
-8.68,-171.45,-94.60,1020.00,1023.00,881.00,974.00,758
-17.06,-164.38,-102.57,1020.00,1023.00,892.00,951.00,759
-15.00,-164.98,-91.72,1020.00,1023.00,855.00,933.00,760
-12.87,-167.00,-93.05,1020.00,1023.00,815.00,922.00,761
-14.28,-165.79,-95.45,1019.00,1023.00,893.00,921.00,762
-14.10,-165.93,-94.09,1020.00,1023.00,909.00,949.00,763
-12.94,-167.06,-94.45,1019.00,1023.00,921.00,957.00,764
-13.19,-166.91,-95.64,1020.00,1023.00,922.00,956.00,765
-12.99,-167.11,-95.57,1020.00,1023.00,927.00,960.00,766
-12.01,-168.04,-94.87,1020.00,1023.00,939.00,959.00,767
-12.40,-167.71,-95.33,1019.00,1023.00,940.00,959.00,768
-13.40,-166.83,-96.50,1020.00,1023.00,940.00,959.00,769
-12.94,-167.27,-96.44,1020.00,1023.00,944.00,962.00,770
-11.88,-168.37,-96.43,1020.00,1023.00,945.00,950.00,771
1023.00,1023.00,-96.43,1020.00,1023.00,945.00,950.00,771
-6.88,0.49,-5.15,1023.00,1023.00,1023.00,1023.00,772
-6.89,0.47,-5.02,1023.00,1023.00,1023.00,1023.00,773
-6.87,0.47,-4.90,1023.00,1023.00,1023.00,1023.00,774
-6.85,0.53,-4.76,1023.00,1023.00,1023.00,1023.00,775
-6.76,0.60,-4.67,1023.00,1023.00,1023.00,1023.00,776
-6.50,0.73,-4.68,1023.00,1023.00,1023.00,1023.00,777
-5.93,1.08,-5.03,1023.00,1023.00,1023.00,1023.00,778
-5.14,1.15,-5.88,1023.00,1023.00,1023.00,1023.00,779
-3.77,1.89,-7.95,1023.00,1023.00,1023.00,1023.00,780
-2.08,3.78,-12.72,1023.00,1011.00,1012.00,1011.00,781
-0.20,5.75,-19.85,1023.00,1018.00,1019.00,1019.00,782
1.86,8.50,-25.36,1023.00,1022.00,1020.00,1022.00,783
3.92,10.89,-27.56,1023.00,1023.00,1023.00,1023.00,784
5.30,12.51,-27.12,1023.00,1023.00,1023.00,1023.00,785
7.03,14.24,-27.20,1023.00,1023.00,1023.00,1023.00,786
9.78,16.32,-30.37,1023.00,1023.00,1023.00,1023.00,787
12.59,16.53,-36.63,1023.00,1023.00,936.00,1002.00,788
14.24,15.23,-44.46,1023.00,1001.00,783.00,957.00,789
14.88,13.11,-53.03,1023.00,985.00,679.00,908.00,790
14.83,11.22,-59.52,1020.00,981.00,643.00,887.00,791
14.74,10.93,-63.22,1023.00,934.00,624.00,815.00,792
15.17,11.77,-64.31,1023.00,976.00,662.00,805.00,793
14.96,10.42,-66.44,1023.00,972.00,682.00,792.00,794
14.35,10.11,-69.66,1023.00,975.00,715.00,794.00,795
12.70,9.35,-74.56,1023.00,966.00,725.00,812.00,796
9.84,7.61,-80.69,1023.00,958.00,742.00,813.00,797
7.47,6.07,-84.39,1023.00,948.00,745.00,833.00,798
5.14,4.27,-86.38,1023.00,895.00,740.00,829.00,799
3.98,3.19,-86.57,1023.00,944.00,814.00,848.00,800
3.67,2.87,-86.52,1023.00,934.00,788.00,834.00,801
3.97,3.23,-86.85,1023.00,940.00,795.00,831.00,802
5.13,4.27,-86.31,1023.00,953.00,805.00,834.00,803
6.86,5.67,-84.40,1023.00,960.00,810.00,851.00,804
10.63,9.07,-82.31,1023.00,968.00,822.00,878.00,805
16.39,14.34,-79.98,1023.00,980.00,838.00,891.00,806
28.03,25.13,-73.36,1008.00,990.00,826.00,974.00,807
42.14,38.26,-60.49,1008.00,990.00,806.00,985.00,808
54.65,50.16,-43.77,1022.00,997.00,798.00,995.00,809
64.86,57.42,-24.37,1023.00,993.00,803.00,985.00,810
72.60,59.70,-5.05,1023.00,984.00,817.00,981.00,811
79.02,58.88,10.95,1023.00,984.00,821.00,962.00,812
83.42,56.43,21.37,1023.00,986.00,819.00,951.00,813
85.87,54.15,26.68,1023.00,987.00,814.00,943.00,814
87.35,52.32,29.54,1023.00,988.00,816.00,943.00,815
88.36,51.63,30.70,1023.00,996.00,828.00,972.00,816
88.53,51.72,30.54,1023.00,998.00,822.00,975.00,817
88.61,51.65,30.91,1023.00,999.00,816.00,975.00,818
88.65,52.32,31.07,1023.00,1000.00,815.00,972.00,819
88.07,53.43,29.93,1023.00,1000.00,815.00,973.00,820
87.23,55.06,28.17,1023.00,1000.00,815.00,927.00,821
85.25,57.69,23.77,1023.00,1005.00,814.00,921.00,822
80.22,60.47,12.59,1023.00,1006.00,818.00,919.00,823
70.54,60.95,-9.16,1023.00,1007.00,819.00,920.00,824
55.83,55.00,-41.99,1023.00,1004.00,824.00,933.00,825
35.13,36.97,-70.19,1023.00,994.00,850.00,899.00,826
10.29,10.54,-87.61,1023.00,996.00,882.00,922.00,827
-8.74,-171.50,-97.95,1021.00,996.00,917.00,920.00,828
-13.22,-167.00,-95.60,1020.00,995.00,895.00,891.00,829
-13.68,-166.24,-93.13,1020.00,990.00,892.00,948.00,830
-14.50,-165.53,-96.71,1020.00,990.00,914.00,910.00,831
-15.96,-164.25,-97.25,1020.00,989.00,919.00,884.00,832
-15.18,-164.86,-95.00,1020.00,988.00,920.00,894.00,833
-14.45,-165.55,-94.98,1020.00,988.00,925.00,904.00,834
-14.67,-165.45,-96.27,1019.00,988.00,926.00,903.00,835
-14.67,-165.44,-96.07,1021.00,989.00,926.00,918.00,836
-13.72,-166.34,-95.69,1019.00,993.00,926.00,919.00,837
-12.87,-167.22,-96.10,1019.00,997.00,929.00,924.00,838
-12.55,-167.56,-96.20,1019.00,990.00,928.00,953.00,839
-11.25,-168.88,-95.62,1023.00,1008.00,940.00,946.00,840
-8.79,-171.37,-94.47,1023.00,1017.00,943.00,984.00,841
-7.46,-0.34,-3.45,1023.00,1023.00,1023.00,1023.00,842
-7.45,-0.34,-3.36,1023.00,1023.00,1023.00,1023.00,843
-7.42,-0.30,-3.28,1023.00,1023.00,1023.00,1023.00,844
-7.34,-0.22,-3.27,1023.00,1023.00,1023.00,1023.00,845
-7.10,-0.01,-3.32,1023.00,1023.00,1023.00,1023.00,846
-6.50,0.38,-3.84,1023.00,1023.00,1023.00,1023.00,847
-5.64,0.86,-5.12,1023.00,1023.00,1023.00,1023.00,848
-4.56,1.58,-8.03,1023.00,1023.00,1023.00,1023.00,849
-2.87,2.47,-13.62,1023.00,1022.00,1022.00,1022.00,850
0.00,3.43,-22.12,1023.00,1023.00,1023.00,1023.00,851
3.49,4.70,-32.76,1023.00,1023.00,1023.00,1023.00,852
6.69,6.20,-44.34,1023.00,1018.00,1022.00,1023.00,853
9.02,7.24,-54.26,1023.00,1019.00,1012.00,999.00,854
11.24,8.71,-60.40,1023.00,1012.00,1008.00,1010.00,855
13.11,10.43,-63.31,1023.00,1021.00,998.00,967.00,856
14.38,11.53,-65.28,1023.00,966.00,811.00,893.00,857
15.08,12.24,-68.44,1010.00,924.00,633.00,838.00,858
14.32,11.65,-71.70,1020.00,937.00,591.00,776.00,859
13.41,10.95,-70.39,1017.00,1022.00,625.00,789.00,860
9.56,7.09,-70.19,1023.00,1023.00,684.00,810.00,861
5.56,3.26,-69.90,1023.00,1023.00,715.00,833.00,862
2.60,-0.13,-71.03,1023.00,1010.00,717.00,843.00,863
0.95,-1.68,-71.50,1023.00,988.00,755.00,834.00,864
1.33,-1.45,-70.15,1023.00,983.00,772.00,830.00,865
1.35,-1.50,-70.09,1023.00,983.00,777.00,851.00,866
1.58,-1.32,-71.77,1023.00,983.00,799.00,848.00,867
2.39,-0.40,-72.47,1023.00,982.00,806.00,839.00,868
3.33,0.41,-72.09,1023.00,981.00,809.00,838.00,869
4.13,1.13,-72.21,1023.00,981.00,816.00,840.00,870
5.93,3.01,-72.82,1023.00,981.00,827.00,849.00,871
9.96,7.12,-72.08,1023.00,949.00,776.00,707.00,872
16.75,13.67,-70.02,1023.00,999.00,809.00,848.00,873
29.08,25.24,-64.26,1023.00,1010.00,806.00,879.00,874
44.68,39.40,-47.50,1023.00,1008.00,775.00,949.00,875
57.08,49.03,-28.14,1023.00,1009.00,779.00,968.00,876
67.30,54.20,-10.13,1023.00,1023.00,787.00,977.00,877
74.76,55.46,5.55,1023.00,1023.00,790.00,970.00,878
80.64,54.82,16.44,1023.00,1023.00,806.00,956.00,879
84.02,53.50,22.74,1023.00,1023.00,805.00,948.00,880
85.62,52.27,25.86,1023.00,1023.00,807.00,951.00,881
86.42,51.50,26.95,1023.00,1023.00,811.00,941.00,882
86.46,51.50,26.62,1023.00,1023.00,816.00,936.00,883
86.45,51.77,26.31,1023.00,1023.00,814.00,929.00,884
86.14,52.13,25.92,1023.00,1023.00,813.00,930.00,885
85.10,53.22,24.06,1023.00,1023.00,814.00,921.00,886
83.45,54.73,21.18,1023.00,1023.00,814.00,918.00,887
79.47,56.94,13.86,1023.00,1023.00,811.00,928.00,888
68.71,57.79,-7.18,1022.00,1023.00,834.00,926.00,889
52.48,51.21,-36.48,1023.00,1013.00,851.00,935.00,890
33.38,36.29,-60.53,1023.00,1012.00,849.00,931.00,891
10.12,11.80,-76.02,1023.00,1007.00,895.00,915.00,892
-7.02,-6.86,-84.29,1022.00,991.00,893.00,903.00,893
-11.43,-11.29,-84.95,1023.00,992.00,896.00,898.00,894
-12.88,-12.49,-84.62,1023.00,978.00,842.00,944.00,895
-13.67,-166.33,-90.03,1023.00,992.00,806.00,904.00,896
-14.13,-165.90,-91.67,1023.00,999.00,877.00,915.00,897
-13.11,-13.10,-88.51,1023.00,982.00,876.00,917.00,898
-12.66,-12.64,-88.32,1023.00,999.00,886.00,923.00,899
-12.81,-12.81,-89.87,1023.00,999.00,922.00,934.00,900
-12.27,-12.27,-89.39,1023.00,1000.00,924.00,938.00,901
-10.96,-10.97,-88.32,1023.00,998.00,924.00,934.00,902
-10.24,-10.26,-89.08,1023.00,999.00,924.00,937.00,903
-10.16,-10.16,-89.98,1023.00,1011.00,926.00,939.00,904
-9.61,-9.61,-89.96,1023.00,1023.00,929.00,943.00,905
-8.20,-8.21,-89.67,1023.00,1023.00,937.00,943.00,906
-7.10,-7.12,-89.50,1023.00,1023.00,939.00,950.00,907
-6.44,-6.46,-89.41,1023.00,1023.00,939.00,958.00,908
-5.23,-5.26,-89.24,1023.00,1023.00,947.00,953.00,909
-3.32,-3.39,-88.32,1023.00,1023.00,942.00,970.00,910
-1.64,-1.76,-86.83,1023.00,1023.00,943.00,983.00,911
1023.00,1023.00,-86.83,1023.00,1023.00,943.00,983.00,911
-4.66,-1.26,1.39,1023.00,1023.00,1023.00,1023.00,912
-4.40,-1.08,1.14,1023.00,1023.00,1023.00,1023.00,913
-3.63,-0.54,0.54,1023.00,1023.00,1023.00,1023.00,914
-2.96,0.21,-0.80,1023.00,1023.00,1023.00,1023.00,915
-2.28,0.85,-3.07,1023.00,1023.00,1023.00,1023.00,916
-1.24,1.74,-6.23,1023.00,1023.00,1023.00,1023.00,917
0.33,2.77,-11.22,1023.00,1022.00,1022.00,1021.00,918
2.06,4.12,-17.69,1023.00,1023.00,1023.00,1023.00,919
3.87,6.27,-25.75,1023.00,1023.00,1023.00,1023.00,920
5.87,8.09,-35.33,1023.00,1022.00,1023.00,1023.00,921
7.35,8.71,-45.55,1023.00,1020.00,1023.00,1023.00,922
7.80,8.06,-54.61,1023.00,984.00,962.00,1003.00,923
8.82,8.22,-61.21,1018.00,1014.00,879.00,937.00,924
10.12,8.84,-64.65,1019.00,965.00,784.00,877.00,925
10.66,8.95,-67.73,1019.00,905.00,753.00,843.00,926
11.11,9.35,-70.17,1018.00,869.00,695.00,814.00,927
10.95,9.77,-72.18,1019.00,924.00,678.00,785.00,928
10.45,10.00,-72.64,1023.00,836.00,673.00,791.00,929
8.87,8.72,-74.15,1023.00,875.00,695.00,786.00,930
4.61,4.92,-74.81,1023.00,877.00,710.00,850.00,931
0.50,1.14,-75.62,1023.00,868.00,717.00,855.00,932
-2.32,-1.42,-76.00,1023.00,878.00,724.00,829.00,933
-4.37,-3.32,-75.22,1023.00,901.00,788.00,808.00,934
-5.57,-4.71,-75.56,1023.00,885.00,828.00,820.00,935
-5.56,-4.53,-75.66,1023.00,874.00,801.00,816.00,936
-5.55,-4.49,-76.07,1023.00,891.00,796.00,819.00,937
-5.63,-4.58,-76.04,1023.00,889.00,815.00,821.00,938
-5.39,-4.39,-75.77,1023.00,898.00,814.00,832.00,939
-5.06,-4.10,-75.57,1022.00,897.00,802.00,837.00,940
-4.52,-3.59,-75.42,1023.00,901.00,803.00,844.00,941
-3.64,-2.68,-75.18,1023.00,911.00,791.00,840.00,942
-1.97,-1.06,-74.88,1023.00,910.00,802.00,842.00,943
2.03,2.59,-75.13,1023.00,923.00,804.00,839.00,944
9.24,8.98,-75.16,1020.00,942.00,817.00,837.00,945
17.69,16.14,-73.25,1023.00,952.00,800.00,843.00,946
27.32,24.83,-68.09,1023.00,968.00,802.00,862.00,947
35.97,32.45,-62.99,1023.00,965.00,811.00,890.00,948
44.16,40.37,-57.80,1023.00,966.00,832.00,889.00,949
54.71,50.61,-44.77,1023.00,963.00,825.00,902.00,950
65.21,57.64,-23.15,1023.00,967.00,825.00,901.00,951
73.90,59.77,-1.16,1023.00,963.00,826.00,899.00,952
79.32,58.20,13.96,1023.00,964.00,833.00,906.00,953
82.07,56.17,21.08,1023.00,966.00,833.00,911.00,954
82.86,55.12,23.15,1023.00,968.00,835.00,904.00,955
82.88,54.66,23.33,1023.00,969.00,832.00,905.00,956
82.70,54.70,23.22,1023.00,968.00,833.00,900.00,957
82.19,55.23,22.19,1023.00,972.00,811.00,899.00,958
81.47,56.18,20.36,1023.00,975.00,812.00,899.00,959
80.17,58.16,16.40,1023.00,984.00,811.00,899.00,960
76.20,61.01,5.07,1023.00,989.00,810.00,897.00,961
68.30,61.63,-15.81,1023.00,996.00,814.00,901.00,962
55.96,56.58,-40.86,1023.00,1007.00,816.00,887.00,963
36.95,42.51,-63.39,1023.00,1000.00,839.00,880.00,964
15.48,19.79,-76.06,1020.00,998.00,873.00,885.00,965
3.95,5.10,-84.88,1019.00,1017.00,891.00,862.00,966
-2.06,-0.13,-82.07,1020.00,1006.00,866.00,876.00,967
-7.45,-5.19,-80.55,1019.00,995.00,868.00,872.00,968
-11.29,-10.88,-86.91,1021.00,994.00,912.00,881.00,969
-13.34,-12.92,-86.43,1020.00,995.00,944.00,868.00,970
-13.26,-12.18,-83.25,1019.00,993.00,940.00,871.00,971
-13.23,-12.49,-84.46,1020.00,992.00,925.00,871.00,972
-13.99,-13.38,-84.60,1019.00,996.00,923.00,872.00,973
-13.86,-13.19,-84.22,1020.00,995.00,919.00,873.00,974
-13.50,-12.95,-85.11,1020.00,995.00,943.00,875.00,975
-13.54,-13.12,-85.87,1019.00,996.00,950.00,881.00,976
-13.63,-13.22,-86.00,1020.00,996.00,938.00,878.00,977
-13.61,-13.29,-86.68,1020.00,996.00,930.00,878.00,978
-13.50,-13.20,-86.88,1020.00,998.00,907.00,883.00,979
-13.23,-12.89,-86.59,1019.00,997.00,910.00,883.00,980
-12.88,-12.57,-86.80,1021.00,997.00,911.00,888.00,981
1023.00,1023.00,-86.80,1021.00,997.00,911.00,888.00,981
-5.45,-0.02,-2.68,1023.00,1023.00,1023.00,1023.00,982
-5.45,-0.03,-2.56,1023.00,1023.00,1023.00,1023.00,983
-5.45,-0.03,-2.46,1023.00,1023.00,1023.00,1023.00,984
-5.44,-0.01,-2.36,1023.00,1023.00,1023.00,1023.00,985
-5.41,-0.01,-2.24,1023.00,1023.00,1023.00,1023.00,986
-5.38,0.03,-2.17,1023.00,1023.00,1023.00,1023.00,987
-5.33,0.09,-2.17,1023.00,1023.00,1023.00,1023.00,988
-5.13,0.23,-2.24,1023.00,1023.00,1023.00,1023.00,989
-4.68,0.63,-2.75,1023.00,1023.00,1023.00,1023.00,990
-4.14,1.23,-3.78,1023.00,1023.00,1023.00,1023.00,991
-3.53,2.10,-5.70,1023.00,1023.00,1023.00,1023.00,992
-2.74,3.41,-8.94,1023.00,1023.00,1023.00,1023.00,993
-1.34,4.97,-14.05,1023.00,1023.00,1023.00,1023.00,994
0.61,6.58,-20.66,1023.00,1023.00,1023.00,1023.00,995
2.77,7.54,-28.31,1023.00,1023.00,1023.00,1023.00,996
5.11,8.35,-36.54,1023.00,1014.00,1017.00,1020.00,997
7.43,9.24,-44.69,1023.00,1022.00,1022.00,1022.00,998
8.97,9.08,-51.98,1023.00,999.00,999.00,939.00,999
9.98,9.23,-58.31,1023.00,958.00,925.00,897.00,1000
10.28,9.10,-63.25,1023.00,948.00,881.00,939.00,1001
10.09,8.32,-66.58,1019.00,965.00,787.00,840.00,1002
9.99,8.11,-69.81,1018.00,931.00,695.00,765.00,1003
9.88,8.31,-71.76,1023.00,923.00,690.00,784.00,1004
8.61,7.15,-72.92,1023.00,980.00,731.00,786.00,1005
6.64,5.49,-74.74,1023.00,964.00,750.00,839.00,1006
4.09,3.15,-76.07,1023.00,970.00,763.00,850.00,1007
1.96,1.06,-77.29,1023.00,983.00,784.00,856.00,1008
0.27,-0.47,-77.76,1023.00,979.00,762.00,859.00,1009
-1.35,-1.87,-77.30,1023.00,966.00,801.00,848.00,1010
-1.39,-1.97,-76.90,1023.00,965.00,825.00,852.00,1011
-0.85,-1.43,-77.48,1023.00,979.00,825.00,848.00,1012
-0.34,-0.95,-78.46,1023.00,978.00,825.00,849.00,1013
0.36,-0.29,-77.84,1023.00,978.00,824.00,849.00,1014
1.41,0.69,-77.30,1023.00,973.00,826.00,840.00,1015
2.89,2.00,-77.58,1023.00,974.00,829.00,854.00,1016
5.27,4.17,-77.55,1023.00,974.00,835.00,864.00,1017
8.53,7.16,-77.16,1023.00,984.00,859.00,866.00,1018
12.82,11.09,-76.78,1023.00,976.00,858.00,879.00,1019
18.61,16.61,-74.74,1023.00,974.00,844.00,860.00,1020
27.71,24.95,-71.60,1023.00,975.00,855.00,863.00,1021
37.09,33.25,-63.84,1023.00,988.00,841.00,886.00,1022
47.50,43.09,-55.06,1023.00,987.00,850.00,892.00,1023
56.94,50.95,-43.84,1023.00,976.00,838.00,890.00,1024
64.73,55.80,-28.29,1023.00,974.00,827.00,900.00,1025
72.00,57.94,-10.20,1023.00,974.00,825.00,896.00,1026
77.45,57.40,3.48,1022.00,974.00,827.00,890.00,1027
80.87,55.78,11.83,1023.00,974.00,829.00,904.00,1028
83.20,54.46,17.35,1023.00,973.00,821.00,898.00,1029
83.93,53.49,18.86,1023.00,973.00,825.00,901.00,1030
84.43,53.39,19.31,1023.00,973.00,810.00,899.00,1031
84.61,53.74,19.49,1023.00,974.00,808.00,899.00,1032
84.26,54.27,18.70,1023.00,973.00,810.00,896.00,1033
84.04,55.15,18.06,1023.00,973.00,817.00,897.00,1034
83.06,56.51,15.87,1023.00,974.00,819.00,896.00,1035
80.31,58.83,9.07,1023.00,973.00,819.00,901.00,1036
74.84,61.04,-4.65,1023.00,973.00,817.00,904.00,1037
65.48,59.97,-26.04,1023.00,974.00,814.00,895.00,1038
51.15,51.67,-50.19,1023.00,979.00,813.00,883.00,1039
31.41,34.49,-69.43,1023.00,985.00,849.00,882.00,1040
9.48,11.03,-80.65,1023.00,991.00,870.00,883.00,1041
-5.23,-174.69,-92.10,1020.00,985.00,904.00,877.00,1042
-10.25,-169.74,-96.60,1020.00,974.00,918.00,895.00,1043
-10.82,-168.78,-95.42,1020.00,969.00,920.00,894.00,1044
-10.67,-168.71,-97.69,1020.00,979.00,929.00,894.00,1045
-11.51,-168.04,-99.57,1019.00,978.00,931.00,891.00,1046
-11.46,-167.98,-98.82,1020.00,978.00,930.00,897.00,1047
-10.99,-168.34,-99.69,1019.00,978.00,931.00,897.00,1048
-11.36,-168.04,-100.94,1019.00,978.00,931.00,899.00,1049
-11.69,-167.82,-100.29,1019.00,978.00,932.00,899.00,1050
-11.40,-168.04,-99.63,1020.00,979.00,932.00,900.00,1051
-2.14,-0.70,0.08,1023.00,1023.00,1023.00,1023.00,1052
-2.09,-0.73,0.09,1023.00,1023.00,1023.00,1023.00,1053
-1.97,-0.73,-0.02,1023.00,1023.00,1023.00,1023.00,1054
-1.79,-0.68,-0.34,1022.00,1023.00,1023.00,1023.00,1055
-1.39,-0.59,-0.72,1023.00,1023.00,1023.00,1023.00,1056
-0.80,-0.28,-1.74,1023.00,1023.00,1023.00,1023.00,1057
-0.01,0.29,-4.02,1023.00,1023.00,1023.00,1023.00,1058
1.01,0.85,-8.21,1023.00,1023.00,1023.00,1023.00,1059
2.44,2.17,-14.20,1023.00,1019.00,1019.00,1018.00,1060
4.52,3.91,-22.54,1022.00,1023.00,1023.00,1023.00,1061
6.68,4.86,-33.51,1023.00,1020.00,1020.00,999.00,1062
8.85,6.29,-44.96,1023.00,1023.00,1023.00,1023.00,1063
